task_name,gold_standard_file,coverage,model_name,model_configuration,num_clusters,adjusted_rand_index,adjusted_mutual_info_score,homogeneity_score,completeness_score,v_measure_score,normalized_mutual_info_score,clustering_accuracy
Clustering,kgrc_qt900,1.0,DBSCAN,metric=cosine,23,0.013422058129607,0.058515734957384,0.069357406327976,0.118823682114816,0.087589060835186,0.087589060835186,0.385555555555556
Clustering,kgrc_qt900,1.0,KMeans,"metric=enclidean, n_clusters=3",3,0.440895864896251,0.453186282338908,0.429561122713047,0.482200029829023,0.454361069471124,0.454361069471124,0.708888888888889
Clustering,kgrc_qt900,1.0,Agglomerative clustering,"metric=cosine, n_clusters=3",3,0.358706197701284,0.353838562717851,0.345784318135493,0.36511284271568,0.355185819591094,0.355185819591094,0.672222222222222
Clustering,kgrc_qt900,1.0,Ward hierarchical clustering,"metric=cosine, n_clusters=3",3,0.335882740595248,0.322633318656743,0.305836367549143,0.344664783761844,0.324091741499283,0.324091741499283,0.668888888888889
