task_name,gold_standard_file,coverage,model_name,model_configuration,num_clusters,adjusted_rand_index,adjusted_mutual_info_score,homogeneity_score,completeness_score,v_measure_score,normalized_mutual_info_score,clustering_accuracy
Clustering,kgrc_qt900,1.0,DBSCAN,metric=cosine,35,0.076057278199782,0.107865321891551,0.190901861157227,0.099203908854384,0.130560731926262,0.130560731926262,0.291111111111111
Clustering,kgrc_qt900,1.0,KMeans,"metric=enclidean, n_clusters=3",3,0.066159911350559,0.069585857122935,0.066342411034902,0.077824152746166,0.071626066329357,0.071626066329357,0.435555555555556
Clustering,kgrc_qt900,1.0,Agglomerative clustering,"metric=cosine, n_clusters=3",3,0.066159911350559,0.069585857122935,0.066342411034902,0.077824152746166,0.071626066329357,0.071626066329357,0.435555555555556
Clustering,kgrc_qt900,1.0,Ward hierarchical clustering,"metric=cosine, n_clusters=3",3,0.066159911350559,0.069585857122935,0.066342411034902,0.077824152746166,0.071626066329357,0.071626066329357,0.435555555555556
